Metric,Score
F1 Score,0.7542006721075372
Precision,0.7667154709614447
Recall,0.7420878601794992
Accuracy,0.744
