Metric,Score
F1 Score,0.6798679867986799
Precision,0.5224448389551103
Recall,0.9730751062824752
Accuracy,0.515
