Metric,Score
F1 Score,0.950796626054358
Precision,0.9432821943282195
Recall,0.9584317430325933
Accuracy,0.9475
