Metric,Score
F1 Score,0.6574042697390715
Precision,0.512549537648613
Recall,0.9163911195087387
Accuracy,0.4945
