Metric,Score
F1 Score,0.9615832363213038
Precision,0.94811753902663
Recall,0.9754369390647142
