Metric,Score
F1 Score,0.9597018402049848
Precision,0.9466911764705882
Recall,0.9730751062824752
Accuracy,0.95675
